﻿{"cameraMode":{"drawMode":2,"name":"Shaded Wireframe","section":"Shading Mode"},"sceneLighting":true,"audioPlay":false,"sceneViewState":{"m_AlwaysRefresh":false,"showFog":true,"showSkybox":true,"showFlares":true,"showImageEffects":true,"showParticleSystems":true,"showVisualEffectGraphs":true,"m_FxEnabled":true},"in2DMode":false,"pivot":{"x":7.747380256652832,"y":7.420412063598633,"z":3.0745186805725099},"rotation":{"x":-0.1300644427537918,"y":0.0748801901936531,"z":-0.009851268492639065,"w":-0.9886258840560913},"size":22.78643798828125,"orthographic":false}